type,name,module,path,hash
"yaml","manifest","_config","_config/manifest.yaml","c92ac9802c7e8f01ef60a00ad0ee91c83161867f779d35e31cd5eb76a29cb56e"
"csv","documentation-requirements","bmm","bmm/1-analysis/bmad-document-project/documentation-requirements.csv","efc91d54787939a2dd2c22400e6b9b6f58835a741ea557e8971b5b333ce666e8"
"csv","domain-complexity","bmm","bmm/2-plan-workflows/bmad-create-prd/data/domain-complexity.csv","4b0d69891b11300bd9228ccfa84a508e76cb702e7abddfc394c5e98d7d3680e1"
"csv","domain-complexity","bmm","bmm/2-plan-workflows/bmad-validate-prd/data/domain-complexity.csv","4b0d69891b11300bd9228ccfa84a508e76cb702e7abddfc394c5e98d7d3680e1"
"csv","domain-complexity","bmm","bmm/3-solutioning/bmad-create-architecture/data/domain-complexity.csv","e3d5b01acfdfd9b69d708c7e27f74f4e7366ed72bba16a401ad84a1690711336"
"csv","module-help","bmm","bmm/module-help.csv","389c63b78df252d28a9dc9fbe7ab371718af538ee166b95a0a9cfb8e0362bd38"
"csv","project-types","bmm","bmm/2-plan-workflows/bmad-create-prd/data/project-types.csv","2ea18a3e100f51cf26f0311949e7b7f76c6005e85271df0afd8d1b5632faaf57"
"csv","project-types","bmm","bmm/2-plan-workflows/bmad-validate-prd/data/project-types.csv","2ea18a3e100f51cf26f0311949e7b7f76c6005e85271df0afd8d1b5632faaf57"
"csv","project-types","bmm","bmm/3-solutioning/bmad-create-architecture/data/project-types.csv","a2ae4c8f0b8f2dcfe8d6b71588e79dcfa209b54abb51e83382c483dc8a8f1683"
"json","bmad-manifest","bmm","bmm/1-analysis/bmad-prfaq/bmad-manifest.json","82cd1a4ef4c8ee2ec9520cc66e8ea485b1a6373f6eb0537ccd1d6c7c6380f295"
"json","bmad-manifest","bmm","bmm/1-analysis/bmad-product-brief/bmad-manifest.json","e39fc3c0412cbf16ce0e58fab837bc757e46393ad6a82276f2b5c617ad22f22b"
"json","project-scan-report-schema","bmm","bmm/1-analysis/bmad-document-project/templates/project-scan-report-schema.json","771e1c446307bc429d7704950bc7b84b053f951560a41786157544cc542ba9eb"
"md","architecture-decision-template","bmm","bmm/3-solutioning/bmad-create-architecture/architecture-decision-template.md","3ee60feb64da70751a2cd4af5aa4792d528b5f2d178894974aa4e1a700a3bb2a"
"md","artifact-analyzer","bmm","bmm/1-analysis/bmad-prfaq/agents/artifact-analyzer.md","44d342a041a2143ff1e1fc19cb0debc5b7e56b92dd29a26b33834bff30249e85"
"md","artifact-analyzer","bmm","bmm/1-analysis/bmad-product-brief/agents/artifact-analyzer.md","44b2c7f238c2115b84b798c161825a54c3490e6f4d6ce45e4aece6943794be47"
"md","brief-template","bmm","bmm/1-analysis/bmad-product-brief/resources/brief-template.md","620f463911d886fd9c17b8e76cd1a00e642b96566dd4c0f9a1d4551b512b04a8"
"md","checklist","bmm","bmm/1-analysis/bmad-document-project/checklist.md","3b6856939315f71dc3ecc5a098c961fdc9f3615d3a032f0bc3dad565ac17bc38"
"md","checklist","bmm","bmm/4-implementation/bmad-correct-course/checklist.md","93b788cba72feb78f46c69590b985bedc623fe0f873d928012f75f9e083d8327"
"md","checklist","bmm","bmm/4-implementation/bmad-create-story/checklist.md","857eca22066cd80f2116cdef29a894113d0772de97df230fc269fddb2d25a1c7"
"md","checklist","bmm","bmm/4-implementation/bmad-dev-story/checklist.md","277b5b2157d37162ed6eb1b4cdfe08bb4100fe719994a8ac8d019339a458995b"
"md","checklist","bmm","bmm/4-implementation/bmad-qa-generate-e2e-tests/checklist.md","3be8258747d56c98605844cdeaa975be096093f13593de2c9fb0131d1a1c40ca"
"md","checklist","bmm","bmm/4-implementation/bmad-sprint-planning/checklist.md","cc4f8e9411dbf9e644333790f867d74027aae3721cbc7f11d574536bf903a0aa"
"md","compile-epic-context","bmm","bmm/4-implementation/bmad-quick-dev/compile-epic-context.md","b02345c6be80db6e429384bb108f3cb66547622edde43d42c498283322633dc3"
"md","contextual-discovery","bmm","bmm/1-analysis/bmad-product-brief/prompts/contextual-discovery.md","7244ef37f9043beebd50e0915efe8307c1b3a86e9442b7a5e15e270924e5a0d5"
"md","customer-faq","bmm","bmm/1-analysis/bmad-prfaq/references/customer-faq.md","41019fb027ebd56872c6ac666c26f475513494a807ea28883ca3b3faf273af7c"
"md","deep-dive-instructions","bmm","bmm/1-analysis/bmad-document-project/workflows/deep-dive-instructions.md","1af461a6a9531447f1b1d926245e24004c5773c57330ce7c04cadac68c209001"
"md","deep-dive-template","bmm","bmm/1-analysis/bmad-document-project/templates/deep-dive-template.md","2d098bb425f58d1d49ab5c6b7c1a8c92af9271d281bacafe000fed059a1a206d"
"md","deep-dive-workflow","bmm","bmm/1-analysis/bmad-document-project/workflows/deep-dive-workflow.md","ac41d0f14005a6caa44836af3cc818bb07dda240a4e85e28ce32b69601e91246"
"md","discover-inputs","bmm","bmm/4-implementation/bmad-create-story/discover-inputs.md","19c9b1d6635fc013c8ce62c266cb72314206beb832e397b9b6c17c94df697ac1"
"md","draft-and-review","bmm","bmm/1-analysis/bmad-product-brief/prompts/draft-and-review.md","e2ddd98557d588de308bd653f634028db32fef265d32c68a38f073b2f75061bc"
"md","epics-template","bmm","bmm/3-solutioning/bmad-create-epics-and-stories/templates/epics-template.md","d758d8118dc83dd92196c7f154dc9f1a1b07c1b56c731d0fda91f344352abfda"
"md","explain-concept","bmm","bmm/1-analysis/bmad-agent-tech-writer/explain-concept.md","f9406f0372e600449fafc235202b61c9f4c385f84f9fbd16fc1b9890596ea1c1"
"md","finalize","bmm","bmm/1-analysis/bmad-product-brief/prompts/finalize.md","511f437ca086dbdc3979ff8a950b9de0fb05fb45e36327cdaab09d7e51deaf88"
"md","full-scan-instructions","bmm","bmm/1-analysis/bmad-document-project/workflows/full-scan-instructions.md","f28755a33da2a1de2d61cd7309757abcdf2b1a8f4ba95b0caa647e290292a4c3"
"md","full-scan-workflow","bmm","bmm/1-analysis/bmad-document-project/workflows/full-scan-workflow.md","ecff2e4a9471a64cea457bf0298fd36f234f1bad89ec8ade305d673af3b724f3"
"md","generate-trail","bmm","bmm/4-implementation/bmad-checkpoint-preview/generate-trail.md","22f0871297d7a79a6418e095067f1eb5fb64e912c06a2c74630b5daff2619c2c"
"md","guided-elicitation","bmm","bmm/1-analysis/bmad-product-brief/prompts/guided-elicitation.md","552d6e4f9ea8f3cd32013b240ff68630bc4289016a8cb9a90dc54eff56c56613"
"md","index-template","bmm","bmm/1-analysis/bmad-document-project/templates/index-template.md","0e077c2d9d9ccb149a64ed82e67914d90571e23696687cf7a08ac5f2a8b18306"
"md","instructions","bmm","bmm/1-analysis/bmad-document-project/instructions.md","1d0cd062277e1a11bf87bdb3d2c67740f5dc2363e14d40c0d5373e0b6d2af92b"
"md","internal-faq","bmm","bmm/1-analysis/bmad-prfaq/references/internal-faq.md","6ef930c6a945870b4dbd6f12b88e0ea51423087982f589957b604d784b091a20"
"md","mermaid-gen","bmm","bmm/1-analysis/bmad-agent-tech-writer/mermaid-gen.md","f1af20cff1ddb4294f1b671eebcb80ebe515278e57ff53c4886798ba97b9f6c4"
"md","opportunity-reviewer","bmm","bmm/1-analysis/bmad-product-brief/agents/opportunity-reviewer.md","38109277671f75c0fdab70ec76043845e546204b39c28d453d0b8484c9801e6c"
"md","prd-purpose","bmm","bmm/2-plan-workflows/bmad-create-prd/data/prd-purpose.md","8c49b3da98b13048ef3c9a2a51fa97747976fe7f4858bf03c63a79c1c7310110"
"md","prd-purpose","bmm","bmm/2-plan-workflows/bmad-edit-prd/data/prd-purpose.md","8c49b3da98b13048ef3c9a2a51fa97747976fe7f4858bf03c63a79c1c7310110"
"md","prd-purpose","bmm","bmm/2-plan-workflows/bmad-validate-prd/data/prd-purpose.md","8c49b3da98b13048ef3c9a2a51fa97747976fe7f4858bf03c63a79c1c7310110"
"md","prd-template","bmm","bmm/2-plan-workflows/bmad-create-prd/templates/prd-template.md","d474ed4ecb6d4a627c9da54ed8d79f156671d7557a7e6a64c9f24c29b8216a71"
"md","press-release","bmm","bmm/1-analysis/bmad-prfaq/references/press-release.md","bfe73d617b0b756360c7c9d187354c9bea2d47278aad3db17f3ad2296b9520f7"
"md","prfaq-template","bmm","bmm/1-analysis/bmad-prfaq/assets/prfaq-template.md","6d4913f8d12fcb4d48508ece462e6f102262c1da66df0ac26274a69fb747385e"
"md","project-context-template","bmm","bmm/3-solutioning/bmad-generate-project-context/project-context-template.md","9fc198ae90a30c2555fb4d8c8b5ec463ceca03bdae80a2d48f4b623b1e65e7a6"
"md","project-overview-template","bmm","bmm/1-analysis/bmad-document-project/templates/project-overview-template.md","fd1ae5724b19829feb79245b5249c3ebf3cee30d07776939d87c7563e5bf76fd"
"md","readiness-report-template","bmm","bmm/3-solutioning/bmad-check-implementation-readiness/templates/readiness-report-template.md","79e63524734308aca3ff4c40fdfaf87521bcea2e94ad0583b47d15915d800733"
"md","research.template","bmm","bmm/1-analysis/research/bmad-domain-research/research.template.md","94f97bc59c113d947c6f2e1166095e1eebd8aadffb03d4bd188aeec9e51366d6"
"md","research.template","bmm","bmm/1-analysis/research/bmad-market-research/research.template.md","94f97bc59c113d947c6f2e1166095e1eebd8aadffb03d4bd188aeec9e51366d6"
"md","research.template","bmm","bmm/1-analysis/research/bmad-technical-research/research.template.md","94f97bc59c113d947c6f2e1166095e1eebd8aadffb03d4bd188aeec9e51366d6"
"md","skeptic-reviewer","bmm","bmm/1-analysis/bmad-product-brief/agents/skeptic-reviewer.md","def9a9dc26ab510de3330968e2369b5cb9ab03d887fe8d03706fd2dbc5b4faf1"
"md","SKILL","bmm","bmm/1-analysis/bmad-agent-analyst/SKILL.md","0bad1e5d0d470f40f0e523f235340844758a6967038454d115061e5107a78eaa"
"md","SKILL","bmm","bmm/1-analysis/bmad-agent-tech-writer/SKILL.md","4b1ea923c3a71d0a3b1bc63166505e96997273ab5488211e035027e3550e56ba"
"md","SKILL","bmm","bmm/1-analysis/bmad-document-project/SKILL.md","0dfea14eb6a5dfc2e14043111a15b6e466d26aaea30c01aec8e2c9ddd2771afa"
"md","SKILL","bmm","bmm/1-analysis/bmad-prfaq/SKILL.md","065039bec005394a6c6741cecfc2732849c7cecc7b1fd3e9113108a9b7b5db7e"
"md","SKILL","bmm","bmm/1-analysis/bmad-product-brief/SKILL.md","722cbf0ff6c700e3c8034e477e1ace8b02d9f09cb3f58df32a8f51d3b39b10ec"
"md","SKILL","bmm","bmm/1-analysis/research/bmad-domain-research/SKILL.md","7b6f642ee6c52441b80cfe7643d730f78737c7e39393fb584a90a2dce97931d8"
"md","SKILL","bmm","bmm/1-analysis/research/bmad-market-research/SKILL.md","f283ea22ed6ae91fd3c1e1115222299f249560006214a7755a73421874ef72e8"
"md","SKILL","bmm","bmm/1-analysis/research/bmad-technical-research/SKILL.md","dbe773c702d3056ebe1a7fb1146044291d2ca1b62c1007855f3a9a4dd49b648c"
"md","SKILL","bmm","bmm/2-plan-workflows/bmad-agent-pm/SKILL.md","e5c25e2cd40af7f4ce2050a053dbf5b50a166e5b3b630bc8e2667132dd63add6"
"md","SKILL","bmm","bmm/2-plan-workflows/bmad-agent-ux-designer/SKILL.md","0fa60c2ff3a1a1491d903f56703daee11d681cd3a7e86de14e9a8ffc74e73259"
"md","SKILL","bmm","bmm/2-plan-workflows/bmad-create-prd/SKILL.md","d0c655357eb36f4b5bb81c7ddeb9f14382957142455d7345716cda04612f3880"
"md","SKILL","bmm","bmm/2-plan-workflows/bmad-create-ux-design/SKILL.md","9350ba6c6c410d54a60ccd0c900911b09d2f477a03407d55d0e66a6f3933e36b"
"md","SKILL","bmm","bmm/2-plan-workflows/bmad-edit-prd/SKILL.md","202ec71bbce35fd424f0a7b87b26de17c23b033d33bdfa1c24e60fac31798531"
"md","SKILL","bmm","bmm/2-plan-workflows/bmad-validate-prd/SKILL.md","406e20fa773b9f027a8000953b0e99070e5ff3435e8bf14e86b48cbd6546887a"
"md","SKILL","bmm","bmm/3-solutioning/bmad-agent-architect/SKILL.md","968d2d9f692a32e77247d10f70a0463c400883d4232e4d924185b79f7ad953f9"
"md","SKILL","bmm","bmm/3-solutioning/bmad-check-implementation-readiness/SKILL.md","cdc4c3d0151f4db9ac1aeb5d73a3cf25f77fad19ab95cfba40206bd3544eaf4d"
"md","SKILL","bmm","bmm/3-solutioning/bmad-create-architecture/SKILL.md","61823ad079d16479023a4fccae757bd46923daf6d50a4c75d1794fda76b080e8"
"md","SKILL","bmm","bmm/3-solutioning/bmad-create-epics-and-stories/SKILL.md","3f5270aef50d589bfaec5c1e6be1c1763bc0b41093727619d0ec9ebcee10ec76"
"md","SKILL","bmm","bmm/3-solutioning/bmad-generate-project-context/SKILL.md","bc1122c1bf6fb2a9a38de17eebbb3b7a302e967d0436659cea8415b6e98b180d"
"md","SKILL","bmm","bmm/4-implementation/bmad-agent-dev/SKILL.md","855ffd90e597dd6ee9fa92960c09502a7dc82c876b6865d123dcaaf3911260cd"
"md","SKILL","bmm","bmm/4-implementation/bmad-checkpoint-preview/SKILL.md","9c58480a0b8b8503973784e6076d9902193b706f23f27269fb8a04144701a0de"
"md","SKILL","bmm","bmm/4-implementation/bmad-code-review/SKILL.md","c617d9055cd4bde9b30fa36ef1778409a5295460ad6272982a417e038ff31146"
"md","SKILL","bmm","bmm/4-implementation/bmad-correct-course/SKILL.md","184f344c0e57e8a8c9f3f7dc0a0ed60cb2e7447611409582851d97e355c29bf0"
"md","SKILL","bmm","bmm/4-implementation/bmad-create-story/SKILL.md","8db44a3d58e3a7967acdbc86c6c6e4dc6bc2c11a1717db5af1702cdd0b748b0d"
"md","SKILL","bmm","bmm/4-implementation/bmad-dev-story/SKILL.md","dd0854e6b42af353a63083336343df4301293bfc78d307403a0854a4cb482bda"
"md","SKILL","bmm","bmm/4-implementation/bmad-qa-generate-e2e-tests/SKILL.md","e2ab92632bbc2964fa50124b48eae1b418fcb450262480a23feba5ac4bbdb5f0"
"md","SKILL","bmm","bmm/4-implementation/bmad-quick-dev/SKILL.md","b3fd571289023328d71fb172434432a897ae5048711782d41a4b0e6cdd2af2a5"
"md","SKILL","bmm","bmm/4-implementation/bmad-retrospective/SKILL.md","2577eb375b1ca6e016e76765e11b70f4f70ed455aabba577f9ae132646c32cb9"
"md","SKILL","bmm","bmm/4-implementation/bmad-sprint-planning/SKILL.md","9a18a25d8352526464089bb62a42131295899c91cd44338cc4f0fb4b596fd024"
"md","SKILL","bmm","bmm/4-implementation/bmad-sprint-status/SKILL.md","54a2d9e6120cfacda7aa39b90621da219d347ede9997c8861347ae08c272d56e"
"md","source-tree-template","bmm","bmm/1-analysis/bmad-document-project/templates/source-tree-template.md","f0094b1e0a9770c8c408b86f978b660c253fe99affcf2b67e1cf7aa9b40e74cb"
"md","spec-template","bmm","bmm/4-implementation/bmad-quick-dev/spec-template.md","487c3f3452077635d1232b77d9deae5e777b07d33ed95421b1e97740a0105c73"
"md","step-01-clarify-and-route","bmm","bmm/4-implementation/bmad-quick-dev/step-01-clarify-and-route.md","4b97ae77da087dad53987bb88c31c201404ead3df139ffb9a732d57ebb35c089"
"md","step-01-discover","bmm","bmm/3-solutioning/bmad-generate-project-context/steps/step-01-discover.md","ca5ef1ee1d263c22266e6a55320f8649bf287046fb56882e6da91721756f4160"
"md","step-01-document-discovery","bmm","bmm/3-solutioning/bmad-check-implementation-readiness/steps/step-01-document-discovery.md","7f5a079d4efc9fe60f955312bb0c082d95e04ecfd6ff38d5c02e214b3ebb5eb0"
"md","step-01-gather-context","bmm","bmm/4-implementation/bmad-code-review/steps/step-01-gather-context.md","9a3847b4e9f5ed9b5452f48023a63266b3438ad2c03661e25f3eae19e64831f0"
"md","step-01-init","bmm","bmm/1-analysis/research/bmad-domain-research/domain-steps/step-01-init.md","44142daf99a33168304433a497722b5bce2f4954f24151792a53b686c7199d32"
"md","step-01-init","bmm","bmm/1-analysis/research/bmad-market-research/steps/step-01-init.md","838fac2f8db8339290390f281e0b0cf6ea4af30f70045df00ce48c6d9745cbb0"
"md","step-01-init","bmm","bmm/1-analysis/research/bmad-technical-research/technical-steps/step-01-init.md","6388e11f3569404fa5fde2045329ecdb21e4e04647578d8536ce28dced74e7b9"
"md","step-01-init","bmm","bmm/2-plan-workflows/bmad-create-prd/steps-c/step-01-init.md","8e3fc03c830e2064971f719771dfe12eecd2bd654f56a7a5ac3cec1f2863e897"
"md","step-01-init","bmm","bmm/2-plan-workflows/bmad-create-ux-design/steps/step-01-init.md","76576f652f0545318815fb9825f4b9f80c75fa79dd596ccf9f7f4e15576c4070"
"md","step-01-init","bmm","bmm/3-solutioning/bmad-create-architecture/steps/step-01-init.md","4fe0bfaa88cb607dd449099e5ec45935cbdfd992dff5a185c50500bc59db6090"
"md","step-01-orientation","bmm","bmm/4-implementation/bmad-checkpoint-preview/step-01-orientation.md","b0db21dcc9fab52326125816fd5acbd2e000690c441556e4d27edd92d94b0cda"
"md","step-01-validate-prerequisites","bmm","bmm/3-solutioning/bmad-create-epics-and-stories/steps/step-01-validate-prerequisites.md","42ac40198223c7f35118a143e6472feecec7627a74094662fd3095da2aef0d89"
"md","step-01b-continue","bmm","bmm/2-plan-workflows/bmad-create-prd/steps-c/step-01b-continue.md","ef8376bbff7a3d5e6f8e9e0852de85937f0626cd9149ed674a642cfad3fb280b"
"md","step-01b-continue","bmm","bmm/2-plan-workflows/bmad-create-ux-design/steps/step-01b-continue.md","b53401601de03606d1116c9e603b5786b7905b544da757b1b9354a1469555e9e"
"md","step-01b-continue","bmm","bmm/3-solutioning/bmad-create-architecture/steps/step-01b-continue.md","50bd4fa6cde1eed6b7f1dbdd5930c16efea425e9a4e39c4d4c5b2db40c451146"
"md","step-02-context","bmm","bmm/3-solutioning/bmad-create-architecture/steps/step-02-context.md","39077aff30be57a21b3b5adacdafc8e0ed8700dd3d90d641431ab38eeb0ba2fc"
"md","step-02-customer-behavior","bmm","bmm/1-analysis/research/bmad-market-research/steps/step-02-customer-behavior.md","6505a6ff06559880555be60aa366b576abab50501fac7105c0be5772d0c129a7"
"md","step-02-design-epics","bmm","bmm/3-solutioning/bmad-create-epics-and-stories/steps/step-02-design-epics.md","78e9d1618975a32070eaa582f293ecaa7c6f82164bc23fd39ac3ce4b85c9e9db"
"md","step-02-discovery","bmm","bmm/2-plan-workflows/bmad-create-prd/steps-c/step-02-discovery.md","19daa341dd260d4816b9b993c89b1c750cfc2fd8764d92cdeced77792735c997"
"md","step-02-discovery","bmm","bmm/2-plan-workflows/bmad-create-ux-design/steps/step-02-discovery.md","054533caf0fb81df741b3360e1e34395592304adb6d7fc93a0dced2fe97c26d3"
"md","step-02-domain-analysis","bmm","bmm/1-analysis/research/bmad-domain-research/domain-steps/step-02-domain-analysis.md","6ddcb85f91923d5e1eb393570b9e6652438d0e0b09d1af4d51a5934dd9a058a1"
"md","step-02-generate","bmm","bmm/3-solutioning/bmad-generate-project-context/steps/step-02-generate.md","5e7a177f86c723b81903a85bc94f70c1a1eaf84b50f8d3b2bacf19d8f83c5d73"
"md","step-02-plan","bmm","bmm/4-implementation/bmad-quick-dev/step-02-plan.md","b24978d17800e786695168d8054f90f9a54def36f6e49c674a621c90c5db501a"
"md","step-02-prd-analysis","bmm","bmm/3-solutioning/bmad-check-implementation-readiness/steps/step-02-prd-analysis.md","4eb6415c80413377a2ec1ae09643eecfe5511d0e1240c6a72cf39b1c79e9d070"
"md","step-02-review","bmm","bmm/4-implementation/bmad-code-review/steps/step-02-review.md","0626170e7a59bb60c57181ab41bcff59c8402ea75f427d6905118e6b9750ae4f"
"md","step-02-technical-overview","bmm","bmm/1-analysis/research/bmad-technical-research/technical-steps/step-02-technical-overview.md","8af97eedf71389a2f24679637d11fda25e18c1da24cb272f2d842185b5f27253"
"md","step-02-walkthrough","bmm","bmm/4-implementation/bmad-checkpoint-preview/step-02-walkthrough.md","e6b4d15f860a43133ab4300dd3eb3cc349617918a1731a38e0278a9fb7122566"
"md","step-02b-vision","bmm","bmm/2-plan-workflows/bmad-create-prd/steps-c/step-02b-vision.md","dcb56bf928ac764969e31cb72318c33f010c470ba6428663edf2f40a799718b6"
"md","step-02c-executive-summary","bmm","bmm/2-plan-workflows/bmad-create-prd/steps-c/step-02c-executive-summary.md","9acd7ad731c0bd3e9c769f3a5d9884bb1315848bd7fbb3ffb408c01845a1b521"
"md","step-03-competitive-landscape","bmm","bmm/1-analysis/research/bmad-domain-research/domain-steps/step-03-competitive-landscape.md","d76c3425fc5e1c79b712948c863e84d1ecea86c07731dedc204301142b5156bc"
"md","step-03-complete","bmm","bmm/3-solutioning/bmad-generate-project-context/steps/step-03-complete.md","8f497ace87ac8be5a229883627f4b30bc406b18b327a3968873006a74d0d36c2"
"md","step-03-core-experience","bmm","bmm/2-plan-workflows/bmad-create-ux-design/steps/step-03-core-experience.md","927ad4858ad7962d0b716eeb03721a9c93b9d8d2f5f4ca58213b3a41eadfd996"
"md","step-03-create-stories","bmm","bmm/3-solutioning/bmad-create-epics-and-stories/steps/step-03-create-stories.md","ba717ef72db102a3ff9c9f29d2719d923891fe38fc6283762663af4f3deacf82"
"md","step-03-customer-pain-points","bmm","bmm/1-analysis/research/bmad-market-research/steps/step-03-customer-pain-points.md","c3d97327b3e1c7abfdf52da0795dded7c0fd925a14260451b89dd2b58a162720"
"md","step-03-detail-pass","bmm","bmm/4-implementation/bmad-checkpoint-preview/step-03-detail-pass.md","a600082776e0b6badace8ef9a4e5b06ba357db34537fffb92a163db9c4c90736"
"md","step-03-epic-coverage-validation","bmm","bmm/3-solutioning/bmad-check-implementation-readiness/steps/step-03-epic-coverage-validation.md","dc5732d598c3d6a1cc1ed19614956bc143d654443a4e68ce1b6d1b419a8d1513"
"md","step-03-implement","bmm","bmm/4-implementation/bmad-quick-dev/step-03-implement.md","88d95ac3c7fea6ba9a77ed4407722b1a23bc24ae1f4475ce30d1bf5660919c81"
"md","step-03-integration-patterns","bmm","bmm/1-analysis/research/bmad-technical-research/technical-steps/step-03-integration-patterns.md","9ef884e969891334e0d23c1aec301fac5021f39f02fbc518cc0237c1dafe6669"
"md","step-03-starter","bmm","bmm/3-solutioning/bmad-create-architecture/steps/step-03-starter.md","f400105bd1bae1d5980c666b3c9cc60da304f8b50c6568481f93c424f687b684"
"md","step-03-success","bmm","bmm/2-plan-workflows/bmad-create-prd/steps-c/step-03-success.md","98dcd09d13eabacfc6dee019dfa30dfafcd9cc9ed3e9573141ff04a16715f427"
"md","step-03-triage","bmm","bmm/4-implementation/bmad-code-review/steps/step-03-triage.md","fe0004375a1e5bfaa12b3de8e845053ae2542245b767169833101d453b363485"
"md","step-04-architectural-patterns","bmm","bmm/1-analysis/research/bmad-technical-research/technical-steps/step-04-architectural-patterns.md","d25b25ec7131e85d5163990b0914c7e85d209d51fa365788d27cc1b7bba0f3b4"
"md","step-04-customer-decisions","bmm","bmm/1-analysis/research/bmad-market-research/steps/step-04-customer-decisions.md","3b9dc743dc2523e71bfcc2770c2aa63109f50773eb7b4f04de5fe357376004d9"
"md","step-04-decisions","bmm","bmm/3-solutioning/bmad-create-architecture/steps/step-04-decisions.md","41716cf92eb2460d4ca785aad330af3fb41b8ca410b766041df42b5e2bcfbffb"
"md","step-04-emotional-response","bmm","bmm/2-plan-workflows/bmad-create-ux-design/steps/step-04-emotional-response.md","8c9224d824483e8fb38480ba62460d6bb3f5766c856b4702b1dc43afc43e6da3"
"md","step-04-final-validation","bmm","bmm/3-solutioning/bmad-create-epics-and-stories/steps/step-04-final-validation.md","300450ca56b41f14893a4f7652a8c6d3595c7ebdc08f4c973bed30207e32d95e"
"md","step-04-journeys","bmm","bmm/2-plan-workflows/bmad-create-prd/steps-c/step-04-journeys.md","309dcc867f59eeffb4f9af09637c07cc8d602e961aa7d0decbbee5b385040b20"
"md","step-04-present","bmm","bmm/4-implementation/bmad-code-review/steps/step-04-present.md","4cb1433149f0c408cff976fdcdf92f13a067490b5d4703c64aaefcf6eea10fd1"
"md","step-04-regulatory-focus","bmm","bmm/1-analysis/research/bmad-domain-research/domain-steps/step-04-regulatory-focus.md","1febd5dc0218a4df066fac5b021ff7388604492eeeb304b4100f7edd6225a471"
"md","step-04-review","bmm","bmm/4-implementation/bmad-quick-dev/step-04-review.md","63afa2cbd8ee736c0c0813c5deba28d942b0a668570cf81d2a0b079c32edd7ba"
"md","step-04-testing","bmm","bmm/4-implementation/bmad-checkpoint-preview/step-04-testing.md","f48f6549ce52bdf7e5193f74f3b122305ebb36b16fc24d3fc688aa625e12b0cd"
"md","step-04-ux-alignment","bmm","bmm/3-solutioning/bmad-check-implementation-readiness/steps/step-04-ux-alignment.md","fe4459ad78f35fc687272234ab1f33b2d28cbfcdee691b069bdecb52ea79176a"
"md","step-05-competitive-analysis","bmm","bmm/1-analysis/research/bmad-market-research/steps/step-05-competitive-analysis.md","055340f07da2ee26ffb0e17f2d626fd84e362f28c34d9dcfd92a88f7ab3b0117"
"md","step-05-domain","bmm","bmm/2-plan-workflows/bmad-create-prd/steps-c/step-05-domain.md","655cf2a04c62313f61daec1d7c47ed544b51b1d4ff5beedbfd09b2dec0d6a0d4"
"md","step-05-epic-quality-review","bmm","bmm/3-solutioning/bmad-check-implementation-readiness/steps/step-05-epic-quality-review.md","df21f43456bf88f742d88676f394cf80bcd0447ad6aa5b47ce2c1e47da79fe6c"
"md","step-05-implementation-research","bmm","bmm/1-analysis/research/bmad-technical-research/technical-steps/step-05-implementation-research.md","2043d85f69967dab7d753583bbd7ec31a072018381dce88a10b49cdc54492b43"
"md","step-05-inspiration","bmm","bmm/2-plan-workflows/bmad-create-ux-design/steps/step-05-inspiration.md","757a111f01c3304105c75b3f8dd224f075406516f592d51d61888cb49c4e7be6"
"md","step-05-patterns","bmm","bmm/3-solutioning/bmad-create-architecture/steps/step-05-patterns.md","ec2d7579aacb6c0d8db51235b6cdada3276f289f3bb8bf17fae7a5b03f37f3ce"
"md","step-05-present","bmm","bmm/4-implementation/bmad-quick-dev/step-05-present.md","fda340fc6f5d935fabeefa770bc5d66a4c44ef5e0928acb56b1f90a560a423ab"
"md","step-05-technical-trends","bmm","bmm/1-analysis/research/bmad-domain-research/domain-steps/step-05-technical-trends.md","afe1a7f2771a197e55e5205007ed25e83774cbaed215089092f6a166a1147a58"
"md","step-05-wrapup","bmm","bmm/4-implementation/bmad-checkpoint-preview/step-05-wrapup.md","8c9972d1d5fe2ed811bd86e5f158980bc1059e0e4b662c973ee59cb11cd9f8fd"
"md","step-06-design-system","bmm","bmm/2-plan-workflows/bmad-create-ux-design/steps/step-06-design-system.md","d84c81f12f059f78f5e32db3636e7cdad36627ab38e4c374088146797c46d0d0"
"md","step-06-final-assessment","bmm","bmm/3-solutioning/bmad-check-implementation-readiness/steps/step-06-final-assessment.md","e82924053a4cc35a3c2bc0e00ec46eaa5942e0f8275e855ecc4e815728d49316"
"md","step-06-innovation","bmm","bmm/2-plan-workflows/bmad-create-prd/steps-c/step-06-innovation.md","d2a5aeccc6d96f6bbe2b99ce087ed1ea5fb03f6b87312babebe9015dc784854c"
"md","step-06-research-completion","bmm","bmm/1-analysis/research/bmad-market-research/steps/step-06-research-completion.md","511fac360e18513f0cf7da39f610b5c63499aeaec08778aaa9df87d0691750ab"
"md","step-06-research-synthesis","bmm","bmm/1-analysis/research/bmad-domain-research/domain-steps/step-06-research-synthesis.md","d1c35b1f1cc9c46ea28acd59efa93277dab989e910a83cb5437b3ba6e97e668e"
"md","step-06-research-synthesis","bmm","bmm/1-analysis/research/bmad-technical-research/technical-steps/step-06-research-synthesis.md","66cf4393666c64ac874ee55fc719a0cf02bfe1162e1bd1fe697dd6d078ab06f5"
"md","step-06-structure","bmm","bmm/3-solutioning/bmad-create-architecture/steps/step-06-structure.md","716b78ac868b27d4f236d7f20c4a022b22ed727aa1d3286357b0af0798e4d196"
"md","step-07-defining-experience","bmm","bmm/2-plan-workflows/bmad-create-ux-design/steps/step-07-defining-experience.md","256bf67e9e7189d46e11b208f23723719e58833a23f2b57436c8b491813f2759"
"md","step-07-project-type","bmm","bmm/2-plan-workflows/bmad-create-prd/steps-c/step-07-project-type.md","341d55383eb65beca72ae2591c8c84dfc20a1dcf300dc07ffa658ef61ebce47b"
"md","step-07-validation","bmm","bmm/3-solutioning/bmad-create-architecture/steps/step-07-validation.md","3ac7eb78afa1b2a1fb6ea6bfa6f8e6fa023b6de37d05b8a15a9d4af2fedc9999"
"md","step-08-complete","bmm","bmm/3-solutioning/bmad-create-architecture/steps/step-08-complete.md","da9a854c0377ad9be2fd43f5aab033dcbaba9d91bd3aada044d2ec3bddb791ec"
"md","step-08-scoping","bmm","bmm/2-plan-workflows/bmad-create-prd/steps-c/step-08-scoping.md","f62e99707dc4f5aba6d65ea5e5cb903b0d4bbcb8db4c7fd15ca6b5985adb5c27"
"md","step-08-visual-foundation","bmm","bmm/2-plan-workflows/bmad-create-ux-design/steps/step-08-visual-foundation.md","d34ce8358b32b8ca1ed3c3a377a2048cac8fdcd930abc63c67af263a80cd64aa"
"md","step-09-design-directions","bmm","bmm/2-plan-workflows/bmad-create-ux-design/steps/step-09-design-directions.md","b0499ace0cc5fa07df38166f93e194c9b74bd064f492c111c3fdbbf2ea9c2254"
"md","step-09-functional","bmm","bmm/2-plan-workflows/bmad-create-prd/steps-c/step-09-functional.md","3b822a686f4d16334dec821f2245b7e88977730962bca16eb69abf85f5e43279"
"md","step-10-nonfunctional","bmm","bmm/2-plan-workflows/bmad-create-prd/steps-c/step-10-nonfunctional.md","ba48ec8df44a1357d0499a5292997ab8f815a880631f27c31cb56f50b85b961e"
"md","step-10-user-journeys","bmm","bmm/2-plan-workflows/bmad-create-ux-design/steps/step-10-user-journeys.md","9bf6d206a5d2227977e9c6a397ecbdf2db493f1d0ad40de0395784a4dd1ed057"
"md","step-11-component-strategy","bmm","bmm/2-plan-workflows/bmad-create-ux-design/steps/step-11-component-strategy.md","6245d706070d7190041d17058cb8b85fd49787195f51bfffb3f7d6db9904aec2"
"md","step-11-polish","bmm","bmm/2-plan-workflows/bmad-create-prd/steps-c/step-11-polish.md","37237181e38b94d5b6820184f52433ca286dcc176aa12129584f7d3ae2d58305"
"md","step-12-complete","bmm","bmm/2-plan-workflows/bmad-create-prd/steps-c/step-12-complete.md","162e7b08e67e9c75316b25afd58417aea0b8d9e9d4bc0e131aab437c9b4d59f5"
"md","step-12-ux-patterns","bmm","bmm/2-plan-workflows/bmad-create-ux-design/steps/step-12-ux-patterns.md","3777083cbc854c357522c9c4fcf58f4b45819eb9adc5a2dd07b1674982670a67"
"md","step-13-responsive-accessibility","bmm","bmm/2-plan-workflows/bmad-create-ux-design/steps/step-13-responsive-accessibility.md","0c5650839e37b005c56982e77df50ece0b3de234703892a7f22566a473a996ec"
"md","step-14-complete","bmm","bmm/2-plan-workflows/bmad-create-ux-design/steps/step-14-complete.md","98097260ff371aa2e47d54c46fffad128fead92df9a661839f45f600b9283578"
"md","step-e-01-discovery","bmm","bmm/2-plan-workflows/bmad-edit-prd/steps-e/step-e-01-discovery.md","84d795b4b5ad011d0d201bfe508a2f28563174f9a332f71329c3f6541be04be8"
"md","step-e-01b-legacy-conversion","bmm","bmm/2-plan-workflows/bmad-edit-prd/steps-e/step-e-01b-legacy-conversion.md","4b41bea83e6eeca50a048de1abf6926fa986a3f2ae0de1030c944aaf2118aded"
"md","step-e-02-review","bmm","bmm/2-plan-workflows/bmad-edit-prd/steps-e/step-e-02-review.md","2d01bae104e41eb3cca84c2992c1427dfdaf447d7df8f243d928473e3797c02d"
"md","step-e-03-edit","bmm","bmm/2-plan-workflows/bmad-edit-prd/steps-e/step-e-03-edit.md","1de3ceaec379d10180f411b4507e7cb5ed59502533363b6f6c82e9fee5833ccd"
"md","step-e-04-complete","bmm","bmm/2-plan-workflows/bmad-edit-prd/steps-e/step-e-04-complete.md","ed03aa54a68c2155dd2e82f43fd2051e09f76f5410dbf9b1d790047a5a29bea4"
"md","step-oneshot","bmm","bmm/4-implementation/bmad-quick-dev/step-oneshot.md","a67666579aa5c68234b5a74594d528036981b9c76405c607cd47b8c6543c2832"
"md","step-v-01-discovery","bmm","bmm/2-plan-workflows/bmad-validate-prd/steps-v/step-v-01-discovery.md","d624ae21325e14407e6d3293a9f8badf002b546dc66145c24a5b127f27209e08"
"md","step-v-02-format-detection","bmm","bmm/2-plan-workflows/bmad-validate-prd/steps-v/step-v-02-format-detection.md","ac1055fc556e3777caff77beedcfdd274ce0c6315581c0f586da5934b11acd31"
"md","step-v-02b-parity-check","bmm","bmm/2-plan-workflows/bmad-validate-prd/steps-v/step-v-02b-parity-check.md","76c4b34f5abc05c52c7071149861dc2e8fd4f44a878c1a3bed4d75561a6c99a8"
"md","step-v-03-density-validation","bmm","bmm/2-plan-workflows/bmad-validate-prd/steps-v/step-v-03-density-validation.md","b05050c98fccfc154f189d6a36d7e6914c6117ca9cc3f05d3574b5f93ff8aae3"
"md","step-v-04-brief-coverage-validation","bmm","bmm/2-plan-workflows/bmad-validate-prd/steps-v/step-v-04-brief-coverage-validation.md","8a47726bd81c29dbe3819d5a453878ec14fb6503b5111b56d6261be2916943b6"
"md","step-v-05-measurability-validation","bmm","bmm/2-plan-workflows/bmad-validate-prd/steps-v/step-v-05-measurability-validation.md","dc8749ab643d967a32cf357664e6867ec7ad799b5df2429897ca00286339c572"
"md","step-v-06-traceability-validation","bmm","bmm/2-plan-workflows/bmad-validate-prd/steps-v/step-v-06-traceability-validation.md","c7cfa2d2ec751948ec1da527ece7ff9bf91dbfc99785158abb67fbf2d2a2ee58"
"md","step-v-07-implementation-leakage-validation","bmm","bmm/2-plan-workflows/bmad-validate-prd/steps-v/step-v-07-implementation-leakage-validation.md","350d4bb13dcacbff8041e70a7caa9e2451cf4ab910614975e7097c9040023c85"
"md","step-v-08-domain-compliance-validation","bmm","bmm/2-plan-workflows/bmad-validate-prd/steps-v/step-v-08-domain-compliance-validation.md","45f5147cf08854b6fff6e55ac969a62d613067be637035824a52262578e33383"
"md","step-v-09-project-type-validation","bmm","bmm/2-plan-workflows/bmad-validate-prd/steps-v/step-v-09-project-type-validation.md","6a48a2c142b724137da25c0ef6f506acf38961ff84aad1de90d5b5b3643ab3ba"
"md","step-v-10-smart-validation","bmm","bmm/2-plan-workflows/bmad-validate-prd/steps-v/step-v-10-smart-validation.md","1120d212f7c0e95da32cf911939166eeb3dd2c60559bce19cc780289246459ba"
"md","step-v-11-holistic-quality-validation","bmm","bmm/2-plan-workflows/bmad-validate-prd/steps-v/step-v-11-holistic-quality-validation.md","491f5d966e42fd57a933e817c5f7874ebc0b8c243c022df68f817b508e5bfe35"
"md","step-v-12-completeness-validation","bmm","bmm/2-plan-workflows/bmad-validate-prd/steps-v/step-v-12-completeness-validation.md","ae832620c6cc993437710485cacb2ef285f0dfef3ba2496a69773aefa3f3f99c"
"md","step-v-13-report-complete","bmm","bmm/2-plan-workflows/bmad-validate-prd/steps-v/step-v-13-report-complete.md","77796533692df3d06358ad8b71df0bf9c27ae5189e831f5fab88b11bb4c728f9"
"md","sync-sprint-status","bmm","bmm/4-implementation/bmad-quick-dev/sync-sprint-status.md","f1ce35a6415f7795e4b7c88acacb003732077bbcba9b4f4c86c54a7c77a99a60"
"md","template","bmm","bmm/4-implementation/bmad-create-story/template.md","31c35d74f9c84250b0b3574ca02c3041b243342e365e1c190a2d27b9971e9aab"
"md","ux-design-template","bmm","bmm/2-plan-workflows/bmad-create-ux-design/ux-design-template.md","e3243405e033ac20fc1f39f2ec39f60629a00599b7638b5b17be8ce1cb65974c"
"md","validate-doc","bmm","bmm/1-analysis/bmad-agent-tech-writer/validate-doc.md","e34d390365d4c09bed23c263cde030a42acf054a71146295a8fb602208ac9ea8"
"md","verdict","bmm","bmm/1-analysis/bmad-prfaq/references/verdict.md","a4b08cc6f4ca308e2abec13d7a8ad3080773de00a4cac867fe789b01b0dc5ea1"
"md","web-researcher","bmm","bmm/1-analysis/bmad-prfaq/agents/web-researcher.md","8b530a75744f72f4d189bb8634c00daeb97aec02aab2daa63df3d4814b27e3b9"
"md","web-researcher","bmm","bmm/1-analysis/bmad-product-brief/agents/web-researcher.md","f258601592f37448d410bf95f885a9678188fe567c204449e70d3e61708f3c2a"
"md","write-document","bmm","bmm/1-analysis/bmad-agent-tech-writer/write-document.md","ac49869cbeaa4f7e8fa4d6bcebff3280d06678931c57e504e1f9ce8977875667"
"toml","customize","bmm","bmm/1-analysis/bmad-agent-analyst/customize.toml","de94873b4a3cc426f99e31b17de267215a0d51df0779da7b52435ed1a965c8d5"
"toml","customize","bmm","bmm/1-analysis/bmad-agent-tech-writer/customize.toml","9b7d62e5cde047ca96ad90fc3f2ebcc1a87a7c0e2c69065ecf84839accda1e02"
"toml","customize","bmm","bmm/1-analysis/bmad-document-project/customize.toml","f8b3b5c279829457e71a76e36861b0a0c31bb688f38c3e9cd5b0fb4571495b1a"
"toml","customize","bmm","bmm/1-analysis/bmad-prfaq/customize.toml","c7605f1a24a3f5b1a65012d53397118ad6951bcf6b6c58c40cc52aa43a1fecbf"
"toml","customize","bmm","bmm/1-analysis/bmad-product-brief/customize.toml","897f109b50c5b9c917ce6a8082eb7b4257f388f6610534354383af1f5287f75d"
"toml","customize","bmm","bmm/1-analysis/research/bmad-domain-research/customize.toml","d897c0adfae76d3530aef8fbfc5a726ef5cd9d0d14c6e71693cee3d4587f8284"
"toml","customize","bmm","bmm/1-analysis/research/bmad-market-research/customize.toml","a890cc32ef7ed60a78f1332fcb6d31d6755057938fa0cd55609693c4c5fab251"
"toml","customize","bmm","bmm/1-analysis/research/bmad-technical-research/customize.toml","e473b08d96568d69486347144a3d48590a2c3d4eb1e6850e5f5ccefc680fac39"
"toml","customize","bmm","bmm/2-plan-workflows/bmad-agent-pm/customize.toml","a0f4582285b3a2b45e17f4e69c363c39af85de0b3c9b1bc2a7df48c94fe5ab71"
"toml","customize","bmm","bmm/2-plan-workflows/bmad-agent-ux-designer/customize.toml","34920c7492571a0e1e759878a9f5fcd4f93708745bd744b727c8535d5bfeafc7"
"toml","customize","bmm","bmm/2-plan-workflows/bmad-create-prd/customize.toml","192469c6300b8c089312b87bfa943d3c865244bdb268366264367226d82fd287"
"toml","customize","bmm","bmm/2-plan-workflows/bmad-create-ux-design/customize.toml","fc0b273e2cf7709ec1c77d9a9c3667b03ae9bedec3f529513b79b8d7815c02fd"
"toml","customize","bmm","bmm/2-plan-workflows/bmad-edit-prd/customize.toml","b423dd3d6f84236ae2bb56a4a084af79722a4ac438015e1af3675961851b7028"
"toml","customize","bmm","bmm/2-plan-workflows/bmad-validate-prd/customize.toml","28d83b50ff91bc5882184d8dca311ee7ccfe3324e9e4da23c111e445721f9174"
"toml","customize","bmm","bmm/3-solutioning/bmad-agent-architect/customize.toml","6af8ef1dbfc5509144c47bf3b647764a541f51c0afcfe8e60c37cd0ade908364"
"toml","customize","bmm","bmm/3-solutioning/bmad-check-implementation-readiness/customize.toml","5d99c84d40d4b1f0472e3b965d8c555516685fe2d8b6e5c45a0d4e61846de157"
"toml","customize","bmm","bmm/3-solutioning/bmad-create-architecture/customize.toml","f2373d99329b4e88a83c47c2f6930368b7d26a48696b89128605ed3b50e3810a"
"toml","customize","bmm","bmm/3-solutioning/bmad-create-epics-and-stories/customize.toml","1ca9a9d83c183754e53eb16a20ebb190338ed757354a930d992e9d3288055220"
"toml","customize","bmm","bmm/3-solutioning/bmad-generate-project-context/customize.toml","272ad15cbc9a07d0c2118ed6314edfa758775f66ac32af372a3bb5d73523cfc8"
"toml","customize","bmm","bmm/4-implementation/bmad-agent-dev/customize.toml","160e18d220853f9c1796f9db87a60ad0d51b9e70a07abe48fb684b1c362fd6fd"
"toml","customize","bmm","bmm/4-implementation/bmad-checkpoint-preview/customize.toml","d6759284a9b42a82e7c9fe84823f73f0ce4c417b8a2398e52aea5aad5b078b08"
"toml","customize","bmm","bmm/4-implementation/bmad-code-review/customize.toml","f0f233c95cee1727a4ac118827487dbe1fc21eaf202155114a46cc799ff7a91f"
"toml","customize","bmm","bmm/4-implementation/bmad-correct-course/customize.toml","81274521d39a2107c377d8c628db565f584d62fbf5493e506a7bdfd53207f37a"
"toml","customize","bmm","bmm/4-implementation/bmad-create-story/customize.toml","f9901294c67dcba04c35b7e8d1b3bce71ebb1bd87b071153ef35bbbf867b5a58"
"toml","customize","bmm","bmm/4-implementation/bmad-dev-story/customize.toml","fba7237e4dc8177f260eba099d8a150151d404e5ca152700ce76b54060526690"
"toml","customize","bmm","bmm/4-implementation/bmad-qa-generate-e2e-tests/customize.toml","2ccfed324d4ce44ab0488d84e4efd36b436f44d94329913d9025ac0a0f8f90f5"
"toml","customize","bmm","bmm/4-implementation/bmad-quick-dev/customize.toml","1afbf2aa30b7b64ef54f270c653bc0fc8cfc6b819d35b4ff55c160b8759e6c66"
"toml","customize","bmm","bmm/4-implementation/bmad-retrospective/customize.toml","38643d96c35543c3035bcfd51dab72cdb59a3d4d154779d57fa29d7d988fcfab"
"toml","customize","bmm","bmm/4-implementation/bmad-sprint-planning/customize.toml","7f6c2cfe1f26c1812546d54aa5af5fe0f2b4c74b9c2f58c9a68c86cb2f0b133c"
"toml","customize","bmm","bmm/4-implementation/bmad-sprint-status/customize.toml","33bcb55e2e66bfa21b369605e6fc61003566763540d7583b50184ee6a09590fd"
"yaml","config","bmm","bmm/config.yaml","648c7019acbbcd3f6c5896002bb4c8a25981d155f0292fdf73037d8bbde9f660"
"yaml","sprint-status-template","bmm","bmm/4-implementation/bmad-sprint-planning/sprint-status-template.yaml","e4708569a6ef55e4349e48b0f77400ce04d91b877b16a59c57d1d73e3825d2b8"
"toml","config","config.toml","config.toml","cf791c433ff7a709267d07e9727d00833946f5a59a2768ed55ebcfd6644b0343"
"toml","config.user","config.user.toml","config.user.toml","e1b36e152a072f035821a826fb75aef0ff27b78be2ad57fd85151ff79cbec492"
"csv","brain-methods","core","core/bmad-brainstorming/brain-methods.csv","ac6b25211f30e35d0f6390f165d4a68abb66a4553bae039a7162f4e6dd3594d2"
"csv","methods","core","core/bmad-advanced-elicitation/methods.csv","5919c987bd12404753cdb21a534619422903210bbb8430da0f91364c36e48b53"
"csv","module-help","core","core/module-help.csv","89322fdae59674479b43f5980b737fafde771d5d80e14a74a5ab11e80fa82285"
"md","compression-rules","core","core/bmad-distillator/resources/compression-rules.md","b2d3fed2d5001c32bd24b2f574e1ebfdb93905e7ce37c7472278779008285a96"
"md","distillate-compressor","core","core/bmad-distillator/agents/distillate-compressor.md","a33ade79aa77ad6ee4362c2caa61a5e06ac9e73e283067f0492b5d6eda578968"
"md","distillate-format-reference","core","core/bmad-distillator/resources/distillate-format-reference.md","52c50d9f80cfe783f21ba3dea21ceabc20e65427af973a4ce162c617c510d190"
"md","round-trip-reconstructor","core","core/bmad-distillator/agents/round-trip-reconstructor.md","715d0bf7d3ff6b6de59e2bdf4ed37c7b94bdea81888a4367fdb50ef470040102"
"md","SKILL","core","core/bmad-advanced-elicitation/SKILL.md","691cff425ed7ce094b0a15e1b028380a7fbdb493d2643f961a64f1dfef02afa5"
"md","SKILL","core","core/bmad-brainstorming/SKILL.md","9ff6039bc5c8e27d6f025a7841a7b81c124f39f8fe35207d17582b8dd7ef4f33"
"md","SKILL","core","core/bmad-customize/SKILL.md","7e1fecd63bfdde53ed4dc01a5a84f9c225da1e4af764fb76a0c05d15b5ed004b"
"md","SKILL","core","core/bmad-distillator/SKILL.md","23df018b83d20ba4121db0118de88ec6f3b9905eca3930726cb86989fe52075f"
"md","SKILL","core","core/bmad-editorial-review-prose/SKILL.md","fcd192fdac73e74f54f5da50644a9e06628e4414e5f7ff1819941c68c5cd681c"
"md","SKILL","core","core/bmad-editorial-review-structure/SKILL.md","6cfd75127bbf2dcefb45ed0b943692be8963259f4ee49138bc6104b38ac65c9f"
"md","SKILL","core","core/bmad-help/SKILL.md","d985c390b47af8d0ce79303e697699c563478b8963240b33a9c4b04f1f0366bb"
"md","SKILL","core","core/bmad-index-docs/SKILL.md","c119b940091cadc8b984af1f87190faa35019201c6cca10f8027d6d57fc4568a"
"md","SKILL","core","core/bmad-party-mode/SKILL.md","99e9f6cbf292a8ed8b9a30dd1771e8c8fea67afd1d5febefcf4d1b6fd5e95882"
"md","SKILL","core","core/bmad-review-adversarial-general/SKILL.md","4ba0a2743d77a14c9832b58531c34ce2403fcc3b26f4262c30adbfac3df85ccb"
"md","SKILL","core","core/bmad-review-edge-case-hunter/SKILL.md","4387e5dc46070f3fc4dfd24916f26550c21d5826051613d815fe07f80fe52547"
"md","SKILL","core","core/bmad-shard-doc/SKILL.md","53ca6978c921a08a866163e0b9397ca2a7aeef6525d1b03dec2fbaeaa330fabb"
"md","splitting-strategy","core","core/bmad-distillator/resources/splitting-strategy.md","475ea858d8f4680c703c9eec660b2d30625a5fccb35075289e1f5cb13bb17e20"
"md","step-01-session-setup","core","core/bmad-brainstorming/steps/step-01-session-setup.md","9f5bc497f2623e551e90f922eaff107f4b8663b4ef80da5b8ff930e353b180d2"
"md","step-01b-continue","core","core/bmad-brainstorming/steps/step-01b-continue.md","a2a93a60f7fbc04f17f44d6d3eaeb656cc3a1ca56d6e2d373ff9bea7554d19ce"
"md","step-02a-user-selected","core","core/bmad-brainstorming/steps/step-02a-user-selected.md","e4dfa9225e34705176f15d985de0eea5dd82bbfa28927f77fe0539d4bce55768"
"md","step-02b-ai-recommended","core","core/bmad-brainstorming/steps/step-02b-ai-recommended.md","8413174bb5b59b1c7243cac1cc4823d6e710ca924690ce76ac0f5875ae0af7fa"
"md","step-02c-random-selection","core","core/bmad-brainstorming/steps/step-02c-random-selection.md","5d862d7b85961cb87848c897ab112dac14d57f8d5ed7ead7c798ce918449210d"
"md","step-02d-progressive-flow","core","core/bmad-brainstorming/steps/step-02d-progressive-flow.md","a6fa765cf7b06b25fbb506986887e10667286b846e46e3d6faec807b90b2c15c"
"md","step-03-technique-execution","core","core/bmad-brainstorming/steps/step-03-technique-execution.md","ec4ec0cffd720f94a42001476159a37b0be355fafb80ef586ef478d79d016f66"
"md","step-04-idea-organization","core","core/bmad-brainstorming/steps/step-04-idea-organization.md","e15a6da4f22be28265369a00f82e0ea89cd821b61fdd68d56f5ff04360352359"
"md","template","core","core/bmad-brainstorming/template.md","016492ff5f6ddcf1d2a80b1891eb3a9f473bd108d753b8fe56ade4265cf0f25f"
"md","workflow","core","core/bmad-brainstorming/workflow.md","6f1dae69e09bad9a1bb9b0a95678e07f407593adb04eb95b1ea82b73a7ecc0f5"
"py","analyze_sources","core","core/bmad-distillator/scripts/analyze_sources.py","7da11adf8715520d2088b4c218578bba16d0222c9934fc601cc2ae0fbc7bcbb9"
"py","list_customizable_skills","core","core/bmad-customize/scripts/list_customizable_skills.py","3b3d389151d41f199279d7226fdf0c00fbdf96f546f6a25842e6f3f357009648"
"py","test_analyze_sources","core","core/bmad-distillator/scripts/tests/test_analyze_sources.py","d51d387dffe410e0b07101fb0e8c381f75cc967a25e08aff52487d67449d719d"
"py","test_list_customizable_skills","core","core/bmad-customize/scripts/tests/test_list_customizable_skills.py","3fe0b071858a7ef80a90e4e0d861008dc915b8f648cd5d271c64982567b88ca5"
"yaml","config","core","core/config.yaml","3436b6dbba2cc70f73ebcdd5e379c9c41be8ff79e032e8be58bef0c0acc6869e"
"file",".gitignore","custom","custom/.gitignore","973b03a33f142c22cf9b65be285bebadd85790b6b55be04637d2f8c716f58fab"
"py","resolve_config","scripts","scripts/resolve_config.py","0601c816856c74e2d26b9e7f279a45cd9c81f76bd05cd2b05430c3231697ec91"
"py","resolve_customization","scripts","scripts/resolve_customization.py","7f2acdd40aaf450c1b75a8304e80d0f2b83b61573d4528f926b32a04a68c3bd0"
